"naics","industry_name"
"111110"," Soybean farming"
"111120"," Oilseed (except soybean) farming"
"111140"," Wheat farming"
"111150"," Corn farming"
"111191"," Oilseed and grain combination farming"
"111199"," All other grain farming"
"111211"," Potato farming"
"111219"," Other vegetable (except potato) and melon farming"
"111331"," Apple orchards"
"111332"," Grape vineyards"
"111333"," Strawberry farming"
"111334"," Berry (except strawberry) farming"
"111335"," Tree nut farming"
"111336"," Fruit and tree nut combination farming"
"111339"," Other noncitrus fruit farming"
"111411"," Mushroom production"
"111419"," Other food crops grown under cover"
"111421"," Nursery and tree production"
"111422"," Floriculture production"
"111940"," Hay farming"
"111991"," Sugar beet farming"
"111998"," All other miscellaneous crop farming"
"112111"," Beef cattle ranching and farming"
"112112"," Cattle feedlots"
"112120"," Dairy cattle and milk production"
"112210"," Hog and pig farming"
"112310"," Chicken egg production"
"112320"," Broilers and other meat type chicken production"
"112340"," Poultry hatcheries"
"112390"," Other poultry production"
"112410"," Sheep farming"
"112420"," Goat farming"
"112511"," Finfish farming and fish hatcheries"
"112512"," Shellfish farming"
"112519"," Other aquaculture"
"112910"," Apiculture"
"112920"," Horses and other equine production"
"112930"," Fur-bearing animal and rabbit production"
"112990"," All other animal production"
"113110"," Timber tract operations"
"113210"," Forest nurseries and gathering of forest products"
"113310"," Logging"
"114111"," Finfish fishing"
"114112"," Shellfish fishing"
"114210"," Hunting and trapping"
"115112"," Soil preparation, planting, and cultivating"
"115113"," Crop harvesting, primarily by machine"
"115114"," Postharvest crop activities (except cotton ginning)"
"115115"," Farm labor contractors and crew leaders"
"115116"," Farm management services"
"115210"," Support activities for animal production"
"115310"," Support activities for forestry"
"212220"," Gold ore and silver ore mining"
"212311"," Dimension stone mining and quarrying"
"212312"," Crushed and broken limestone mining and quarrying"
"212313"," Crushed and broken granite mining and quarrying"
"212319"," Other crushed and broken stone mining and quarrying"
"212321"," Construction sand and gravel mining"
"212323"," Kaolin, clay, and ceramic and refractory minerals mining"
"212390"," Other nonmetallic mineral mining and quarrying"
"213111"," Drilling oil and gas wells"
"213112"," Support activities for oil and gas operations"
"213115"," Support activities for nonmetallic minerals (except fuels) mining"
"221111"," Hydroelectric power generation"
"221112"," Fossil fuel electric power generation"
"221114"," Solar electric power generation"
"221115"," Wind electric power generation"
"221116"," Geothermal electric power generation"
"221117"," Biomass electric power generation"
"221118"," Other electric power generation"
"221121"," Electric bulk power transmission and control"
"221122"," Electric power distribution"
"221210"," Natural gas distribution"
"221310"," Water supply and irrigation systems"
"221320"," Sewage treatment facilities"
"236115"," New single-family housing construction (except for-sale builders)"
"236116"," New multifamily housing construction (except for-sale builders)"
"236117"," New housing for-sale builders"
"236118"," Residential remodelers"
"236210"," Industrial building construction"
"236220"," Commercial and institutional building construction"
"237110"," Water and sewer line and related structures construction"
"237120"," Oil and gas pipeline and related structures construction"
"237130"," Power and communication line and related structures construction"
"237210"," Land subdivision"
"237310"," Highway, street, and bridge construction"
"237990"," Other heavy and civil engineering construction"
"238111"," Residential poured foundation contractors"
"238112"," Nonresidential poured foundation contractors"
"238121"," Residential structural steel contractors"
"238122"," Nonresidential structural steel contractors"
"238131"," Residential framing contractors"
"238132"," Nonresidential framing contractors"
"238141"," Residential masonry contractors"
"238142"," Nonresidential masonry contractors"
"238151"," Residential glass and glazing contractors"
"238152"," Nonresidential glass and glazing contractors"
"238161"," Residential roofing contractors"
"238162"," Nonresidential roofing contractors"
"238171"," Residential siding contractors"
"238172"," Nonresidential siding contractors"
"238191"," Other residential exterior contractors"
"238192"," Other nonresidential exterior contractors"
"238211"," Residential electrical contractors"
"238212"," Nonresidential electrical contractors"
"238221"," Residential plumbing and hvac contractors"
"238222"," Nonresidential plumbing and hvac contractors"
"238291"," Other residential equipment contractors"
"238292"," Other nonresidential equipment contractors"
"238311"," Residential drywall contractors"
"238312"," Nonresidential drywall contractors"
"238321"," Residential painting contractors"
"238322"," Nonresidential painting contractors"
"238331"," Residential flooring contractors"
"238332"," Nonresidential flooring contractors"
"238341"," Residential tile and terrazzo contractors"
"238342"," Nonresidential tile and terrazzo contractors"
"238351"," Residential finish carpentry contractors"
"238352"," Nonresidential finish carpentry contractors"
"238391"," Other residential finishing contractors"
"238392"," Other nonresidential finishing contractors"
"238911"," Residential site preparation contractors"
"238912"," Nonresidential site preparation contractors"
"238991"," All other residential trade contractors"
"238992"," All other nonresidential trade contractors"
"311111"," Dog and cat food manufacturing"
"311119"," Other animal food manufacturing"
"311211"," Flour milling"
"311213"," Malt manufacturing"
"311224"," Soybean and other oilseed processing"
"311225"," Fats and oils refining and blending"
"311230"," Breakfast cereal manufacturing"
"311340"," Nonchocolate confectionery manufacturing"
"311351"," Chocolate and confectionery manufacturing from cacao beans"
"311352"," Confectionery manufacturing from purchased chocolate"
"311411"," Frozen fruit, juice, and vegetable manufacturing"
"311412"," Frozen specialty food manufacturing"
"311421"," Fruit and vegetable canning"
"311422"," Specialty canning"
"311423"," Dried and dehydrated food manufacturing"
"311511"," Fluid milk manufacturing"
"311512"," Creamery butter manufacturing"
"311513"," Cheese manufacturing"
"311520"," Ice cream and frozen dessert manufacturing"
"311611"," Animal (except poultry) slaughtering"
"311612"," Meat processed from carcasses"
"311613"," Rendering and meat byproduct processing"
"311615"," Poultry processing"
"311710"," Seafood product preparation and packaging"
"311811"," Retail bakeries"
"311812"," Commercial bakeries"
"311821"," Cookie and cracker manufacturing"
"311824"," Dry pasta, dough, and flour mixes manufacturing from purchased flour"
"311830"," Tortilla manufacturing"
"311911"," Roasted nuts and peanut butter manufacturing"
"311919"," Other snack food manufacturing"
"311920"," Coffee and tea manufacturing"
"311930"," Flavoring syrup and concentrate manufacturing"
"311941"," Mayonnaise, dressing, and other prepared sauce manufacturing"
"311942"," Spice and extract manufacturing"
"311991"," Perishable prepared food manufacturing"
"311999"," All other miscellaneous food manufacturing"
"312111"," Soft drink manufacturing"
"312112"," Bottled water manufacturing"
"312113"," Ice manufacturing"
"312120"," Breweries"
"312130"," Wineries"
"312140"," Distilleries"
"312230"," Tobacco manufacturing"
"313110"," Fiber, yarn, and thread mills"
"313210"," Broadwoven fabric mills"
"313230"," Nonwoven fabric mills"
"313310"," Textile and fabric finishing mills"
"314120"," Curtain and linen mills"
"314910"," Textile bag and canvas mills"
"314994"," Rope, cordage, twine, tire cord, and tire fabric mills"
"314999"," All other miscellaneous textile product mills"
"315120"," Apparel knitting mills"
"315210"," Cut and sew apparel contractors"
"315250"," Cut and sew apparel manufacturing (except contractors)"
"315990"," Apparel accessories and other apparel manufacturing"
"316110"," Leather and hide tanning and finishing"
"316210"," Footwear manufacturing"
"316990"," Other leather and allied product manufacturing"
"321113"," Sawmills"
"321114"," Wood preservation"
"321211"," Hardwood veneer and plywood manufacturing"
"321212"," Softwood veneer and plywood manufacturing"
"321215"," Engineered wood member manufacturing"
"321219"," Reconstituted wood product manufacturing"
"321911"," Wood window and door manufacturing"
"321912"," Cut stock, resawing lumber, and planing"
"321918"," Other millwork (including flooring)"
"321920"," Wood container and pallet manufacturing"
"321991"," Manufactured home (mobile home) manufacturing"
"321992"," Prefabricated wood building manufacturing"
"321999"," All other miscellaneous wood product manufacturing"
"322110"," Pulp mills"
"322120"," Paper mills"
"322130"," Paperboard mills"
"322211"," Corrugated and solid fiber box manufacturing"
"322212"," Folding paperboard box manufacturing"
"322219"," Other paperboard container manufacturing"
"322220"," Paper bag and coated and treated paper manufacturing"
"322230"," Stationery product manufacturing"
"322291"," Sanitary paper product manufacturing"
"322299"," All other converted paper product manufacturing"
"323111"," Commercial printing (except screen and books)"
"323113"," Commercial screen printing"
"323117"," Books printing"
"323120"," Support activities for printing"
"324110"," Petroleum refineries"
"324121"," Asphalt paving mixture and block manufacturing"
"324122"," Asphalt shingle and coating materials manufacturing"
"324191"," Petroleum lubricating oil and grease manufacturing"
"325120"," Industrial gas manufacturing"
"325130"," Synthetic dye and pigment manufacturing"
"325180"," Other basic inorganic chemical manufacturing"
"325193"," Ethyl alcohol manufacturing"
"325194"," Cyclic crude, intermediate, and gum and wood chemical manufacturing"
"325199"," All other basic organic chemical manufacturing"
"325211"," Plastics material and resin manufacturing"
"325212"," Synthetic rubber manufacturing"
"325311"," Nitrogenous fertilizer manufacturing"
"325312"," Phosphatic fertilizer manufacturing"
"325314"," Fertilizer (mixing only) manufacturing"
"325320"," Pesticide and other agricultural chemical manufacturing"
"325411"," Medicinal and botanical manufacturing"
"325412"," Pharmaceutical preparation manufacturing"
"325413"," In-vitro diagnostic substance manufacturing"
"325414"," Biological product (except diagnostic) manufacturing"
"325510"," Paint and coating manufacturing"
"325520"," Adhesive manufacturing"
"325611"," Soap and other detergent manufacturing"
"325612"," Polish and other sanitation good manufacturing"
"325620"," Toilet preparation manufacturing"
"325910"," Printing ink manufacturing"
"325991"," Custom compounding of purchased resins"
"325992"," Photographic film, paper, plate, chemical, and copy toner manufacturing"
"325998"," All other miscellaneous chemical product and preparation manufacturing"
"326111"," Plastics bag and pouch manufacturing"
"326112"," Plastics packaging film and sheet (including laminated) manufacturing"
"326113"," Unlaminated plastics film and sheet (except packaging) manufacturing"
"326121"," Unlaminated plastics profile shape manufacturing"
"326122"," Plastics pipe and pipe fitting manufacturing"
"326130"," Laminated plastics plate, sheet (except packaging), and shape manufacturing"
"326140"," Polystyrene foam product manufacturing"
"326150"," Urethane and other foam product (except polystyrene) manufacturing"
"326160"," Plastics bottle manufacturing"
"326191"," Plastics plumbing fixture manufacturing"
"326199"," All other plastics product manufacturing"
"326211"," Tire manufacturing (except retreading)"
"326212"," Tire retreading"
"326220"," Rubber and plastics hoses and belting manufacturing"
"326291"," Rubber product manufacturing for mechanical use"
"326299"," All other rubber product manufacturing"
"327110"," Pottery, ceramics, and plumbing fixture manufacturing"
"327120"," Clay building material and refractories manufacturing"
"327211"," Flat glass manufacturing"
"327212"," Other pressed and blown glass and glassware manufacturing"
"327213"," Glass container manufacturing"
"327215"," Glass product manufacturing made of purchased glass"
"327310"," Cement manufacturing"
"327320"," Ready-mix concrete manufacturing"
"327331"," Concrete block and brick manufacturing"
"327332"," Concrete pipe manufacturing"
"327390"," Other concrete product manufacturing"
"327410"," Lime manufacturing"
"327420"," Gypsum product manufacturing"
"327910"," Abrasive product manufacturing"
"327991"," Cut stone and stone product manufacturing"
"327992"," Ground or treated mineral and earth manufacturing"
"327993"," Mineral wool manufacturing"
"327999"," All other miscellaneous nonmetallic mineral product manufacturing"
"331110"," Iron and steel mills and ferroalloy manufacturing"
"331210"," Iron and steel pipe and tube manufacturing from purchased steel"
"331314"," Secondary smelting and alloying of aluminum"
"331315"," Aluminum sheet, plate, and foil manufacturing"
"331318"," Other aluminum rolling, drawing, and extruding"
"331410"," Nonferrous metal (except aluminum) smelting and refining"
"331491"," Nonferrous metal (except copper and aluminum) rolling, drawing, and extruding"
"331492"," Secondary smelting, refining, and alloying of nonferrous metal (except copper and aluminum) "
"331511"," Iron foundries"
"331512"," Steel investment foundries"
"331513"," Steel foundries (except investment)"
"331523"," Nonferrous metal die-casting foundries"
"331524"," Aluminum foundries (except die-casting)"
"331529"," Other nonferrous metal foundries (except die-casting)"
"332111"," Iron and steel forging"
"332112"," Nonferrous forging"
"332114"," Custom roll forming"
"332117"," Powder metallurgy part manufacturing"
"332119"," Metal crown, closure, and other metal stamping (except automotive)"
"332215"," Metal kitchen cookware, utensil, cutlery, and flatware (except precious) manufacturing"
"332216"," Saw blade and handtool manufacturing"
"332311"," Prefabricated metal building and component manufacturing"
"332312"," Fabricated structural metal manufacturing"
"332313"," Plate work manufacturing"
"332321"," Metal window and door manufacturing"
"332322"," Sheet metal work manufacturing"
"332323"," Ornamental and architectural metal work manufacturing"
"332410"," Power boiler and heat exchanger manufacturing"
"332420"," Metal tank (heavy gauge) manufacturing"
"332439"," Other metal container manufacturing"
"332510"," Hardware manufacturing"
"332613"," Spring manufacturing"
"332618"," Other fabricated wire product manufacturing"
"332710"," Machine shops"
"332721"," Precision turned product manufacturing"
"332722"," Bolt, nut, screw, rivet, and washer manufacturing"
"332811"," Metal heat treating"
"332812"," Metal coating, engraving (except jewelry and silverware), and allied services to manufacturers"
"332813"," Electroplating, plating, polishing, anodizing, and coloring"
"332911"," Industrial valve manufacturing"
"332912"," Fluid power valve and hose fitting manufacturing"
"332913"," Plumbing fixture fitting and trim manufacturing"
"332919"," Other metal valve and pipe fitting manufacturing"
"332992"," Small arms ammunition manufacturing"
"332994"," Small arms, ordnance, and ordnance accessories manufacturing"
"332996"," Fabricated pipe and pipe fitting manufacturing"
"332999"," All other miscellaneous fabricated metal product manufacturing"
"333111"," Farm machinery and equipment manufacturing"
"333112"," Lawn and garden tractor and home lawn and garden equipment manufacturing"
"333120"," Construction machinery manufacturing"
"333131"," Mining machinery and equipment manufacturing"
"333132"," Oil and gas field machinery and equipment manufacturing"
"333241"," Food product machinery manufacturing"
"333242"," Semiconductor machinery manufacturing"
"333243"," Sawmill, woodworking, and paper machinery manufacturing"
"333248"," All other industrial machinery manufacturing"
"333310"," Commercial and service industry machinery manufacturing"
"333413"," Industrial and commercial fan and blower and air purification equipment manufacturing"
"333414"," Heating equipment (except warm air furnaces) manufacturing"
"333415"," Air-conditioning and warm air heating equipment and commercial and industrial refrigeration equipment manufacturing"
"333511"," Industrial mold manufacturing"
"333514"," Special die and tool, die set, jig, and fixture manufacturing"
"333515"," Cutting tool and machine tool accessory manufacturing"
"333517"," Machine tool manufacturing"
"333519"," Rolling mill and other metalworking machinery manufacturing"
"333611"," Turbine and turbine generator set units manufacturing"
"333612"," Speed changer, industrial high-speed drive, and gear manufacturing"
"333613"," Mechanical power transmission equipment manufacturing"
"333618"," Other engine equipment manufacturing"
"333912"," Air and gas compressor manufacturing"
"333914"," Measuring, dispensing, and other pumping equipment manufacturing"
"333922"," Conveyor and conveying equipment manufacturing"
"333923"," Overhead traveling crane, hoist, and monorail system manufacturing"
"333924"," Industrial truck, tractor, trailer, and stacker machinery manufacturing"
"333991"," Power-driven handtool manufacturing"
"333992"," Welding and soldering equipment manufacturing"
"333993"," Packaging machinery manufacturing"
"333994"," Industrial process furnace and oven manufacturing"
"333995"," Fluid power cylinder and actuator manufacturing"
"333996"," Fluid power pump and motor manufacturing"
"333998"," All other miscellaneous general purpose machinery manufacturing"
"334111"," Electronic computer manufacturing"
"334118"," Computer terminal and other computer peripheral equipment manufacturing"
"334210"," Telephone apparatus manufacturing"
"334220"," Radio and television broadcasting and wireless communications equipment manufacturing"
"334290"," Other communications equipment manufacturing"
"334310"," Audio and video equipment manufacturing"
"334412"," Bare printed circuit board manufacturing"
"334413"," Semiconductor and related device manufacturing"
"334416"," Capacitor, resistor, coil, transformer, and other inductor manufacturing"
"334417"," Electronic connector manufacturing"
"334418"," Printed circuit assembly (electronic assembly) manufacturing"
"334419"," Other electronic component manufacturing"
"334510"," Electromedical and electrotherapeutic apparatus manufacturing"
"334511"," Search, detection, navigation, guidance, aeronautical, and nautical system and instrument manufacturing"
"334512"," Automatic environmental control manufacturing for residential, commercial, and appliance use"
"334513"," Instruments and related products manufacturing for measuring, displaying, and controlling industrial process variables"
"334514"," Totalizing fluid meter and counting device manufacturing"
"334515"," Instrument manufacturing for measuring and testing electricity and electrical signals"
"334516"," Analytical laboratory instrument manufacturing"
"334519"," Other measuring and controlling device manufacturing"
"334610"," Manufacturing and reproducing magnetic and optical media"
"335131"," Residential electric lighting fixture manufacturing"
"335132"," Commercial, industrial, and institutional electric lighting fixture manufacturing"
"335139"," Electric lamp bulb and other lighting equipment manufacturing"
"335210"," Small electrical appliance manufacturing"
"335220"," Major household appliance manufacturing"
"335311"," Power, distribution, and specialty transformer manufacturing"
"335312"," Motor and generator manufacturing"
"335313"," Switchgear and switchboard apparatus manufacturing"
"335314"," Relay and industrial control manufacturing"
"335910"," Battery manufacturing"
"335921"," Fiber optic cable manufacturing"
"335931"," Current-carrying wiring device manufacturing"
"335991"," Carbon and graphite product manufacturing"
"335999"," All other miscellaneous electrical equipment and component manufacturing"
"336110"," Automobile and light duty motor vehicle manufacturing"
"336120"," Heavy duty truck manufacturing"
"336211"," Motor vehicle body manufacturing"
"336212"," Truck trailer manufacturing"
"336213"," Motor home manufacturing"
"336214"," Travel trailer and camper manufacturing"
"336310"," Motor vehicle gasoline engine and engine parts manufacturing"
"336320"," Motor vehicle electrical and electronic equipment manufacturing"
"336330"," Motor vehicle steering and suspension components (except spring) manufacturing"
"336340"," Motor vehicle brake system manufacturing"
"336350"," Motor vehicle transmission and power train parts manufacturing"
"336360"," Motor vehicle seating and interior trim manufacturing"
"336370"," Motor vehicle metal stamping"
"336390"," Other motor vehicle parts manufacturing"
"336411"," Aircraft manufacturing"
"336412"," Aircraft engine and engine parts manufacturing"
"336413"," Other aircraft parts and auxiliary equipment manufacturing"
"336414"," Guided missile and space vehicle manufacturing"
"336510"," Railroad rolling stock manufacturing"
"336611"," Ship building and repairing"
"336612"," Boat building"
"336991"," Motorcycle, bicycle, and parts manufacturing"
"336999"," All other transportation equipment manufacturing"
"337110"," Wood kitchen cabinet and countertop manufacturing"
"337121"," Upholstered household furniture manufacturing"
"337122"," Nonupholstered wood household furniture manufacturing"
"337126"," Household furniture (except wood and upholstered) manufacturing"
"337127"," Institutional furniture manufacturing"
"337211"," Wood office furniture manufacturing"
"337212"," Custom architectural woodwork and millwork manufacturing"
"337214"," Office furniture (except wood) manufacturing"
"337215"," Showcase, partition, shelving, and locker manufacturing"
"337910"," Mattress manufacturing"
"339112"," Surgical and medical instrument manufacturing"
"339113"," Surgical appliance and supplies manufacturing"
"339114"," Dental equipment and supplies manufacturing"
"339115"," Ophthalmic goods manufacturing"
"339116"," Dental laboratories"
"339910"," Jewelry and silverware manufacturing"
"339920"," Sporting and athletic goods manufacturing"
"339930"," Doll, toy, and game manufacturing"
"339940"," Office supplies (except paper) manufacturing"
"339950"," Sign manufacturing"
"339991"," Gasket, packing, and sealing device manufacturing"
"339992"," Musical instrument manufacturing"
"339993"," Fastener, button, needle, and pin manufacturing"
"339994"," Broom, brush, and mop manufacturing"
"339995"," Burial casket manufacturing"
"339999"," All other miscellaneous manufacturing"
"423110"," Automobile and other motor vehicle merchant wholesalers"
"423120"," Motor vehicle supplies and new parts merchant wholesalers"
"423130"," Tire and tube merchant wholesalers"
"423140"," Motor vehicle parts (used) merchant wholesalers"
"423210"," Furniture merchant wholesalers"
"423220"," Home furnishing merchant wholesalers"
"423310"," Lumber, plywood, millwork, and wood panel merchant wholesalers"
"423320"," Brick, stone, and related construction material merchant wholesalers"
"423330"," Roofing, siding, and insulation material merchant wholesalers"
"423390"," Other construction material merchant wholesalers"
"423410"," Photographic equipment and supplies merchant wholesalers"
"423420"," Office equipment merchant wholesalers"
"423430"," Computer and computer peripheral equipment and software merchant wholesalers"
"423440"," Other commercial equipment merchant wholesalers"
"423450"," Medical, dental, and hospital equipment and supplies merchant wholesalers"
"423460"," Ophthalmic goods merchant wholesalers"
"423490"," Other professional equipment and supplies merchant wholesalers"
"423510"," Metal service centers and other metal merchant wholesalers"
"423520"," Coal and other mineral and ore merchant wholesalers"
"423610"," Electrical apparatus and equipment, wiring supplies, and related equipment merchant wholesalers"
"423620"," Household appliances, electric housewares, and consumer electronics merchant wholesalers"
"423690"," Other electronic parts and equipment merchant wholesalers"
"423710"," Hardware merchant wholesalers"
"423720"," Plumbing and heating equipment and supplies (hydronics) merchant wholesalers"
"423730"," Warm air heating and air-conditioning equipment and supplies merchant wholesalers"
"423740"," Refrigeration equipment and supplies merchant wholesalers"
"423810"," Construction and mining (except oil well) machinery and equipment merchant wholesalers"
"423820"," Farm and garden machinery and equipment merchant wholesalers"
"423830"," Industrial machinery and equipment merchant wholesalers"
"423840"," Industrial supplies merchant wholesalers"
"423850"," Service establishment equipment and supplies merchant wholesalers"
"423860"," Transportation equipment and supplies (except motor vehicle) merchant wholesalers"
"423910"," Sporting and recreational goods and supplies merchant wholesalers"
"423920"," Toy and hobby goods and supplies merchant wholesalers"
"423930"," Recyclable material merchant wholesalers"
"423940"," Jewelry, watch, precious stone, and precious metal merchant wholesalers"
"423990"," Other miscellaneous durable goods merchant wholesalers"
"424110"," Printing and writing paper merchant wholesalers"
"424120"," Stationery and office supplies merchant wholesalers"
"424130"," Industrial and personal service paper merchant wholesalers"
"424210"," Drugs and druggists' sundries merchant wholesalers"
"424310"," Piece goods, notions, and other dry goods merchant wholesalers"
"424340"," Footwear merchant wholesalers"
"424350"," Clothing and clothing accessories merchant wholesalers"
"424410"," General line grocery merchant wholesalers"
"424420"," Packaged frozen food merchant wholesalers"
"424430"," Dairy product (except dried or canned) merchant wholesalers"
"424440"," Poultry and poultry product merchant wholesalers"
"424450"," Confectionery merchant wholesalers"
"424460"," Fish and seafood merchant wholesalers"
"424470"," Meat and meat product merchant wholesalers"
"424480"," Fresh fruit and vegetable merchant wholesalers"
"424490"," Other grocery and related products merchant wholesalers"
"424510"," Grain and field bean merchant wholesalers"
"424520"," Livestock merchant wholesalers"
"424590"," Other farm product raw material merchant wholesalers"
"424610"," Plastics materials and basic forms and shapes merchant wholesalers"
"424690"," Other chemical and allied products merchant wholesalers"
"424710"," Petroleum bulk stations and terminals"
"424720"," Petroleum and petroleum products merchant wholesalers (except bulk stations and terminals)"
"424810"," Beer and ale merchant wholesalers"
"424820"," Wine and distilled alcoholic beverage merchant wholesalers"
"424910"," Farm supplies merchant wholesalers"
"424920"," Book, periodical, and newspaper merchant wholesalers"
"424930"," Flower, nursery stock, and florists' supplies merchant wholesalers"
"424940"," Tobacco product and electronic cigarette merchant wholesalers"
"424950"," Paint, varnish, and supplies merchant wholesalers"
"424990"," Other miscellaneous nondurable goods merchant wholesalers"
"425120"," Wholesale trade agents and brokers"
"441110"," New car dealers"
"441120"," Used car dealers"
"441210"," Recreational vehicle dealers"
"441222"," Boat dealers"
"441227"," Motorcycle, atv, and all other motor vehicle dealers"
"441330"," Automotive parts and accessories retailers"
"441340"," Tire dealers"
"444110"," Home centers"
"444120"," Paint and wallpaper retailers"
"444140"," Hardware retailers"
"444180"," Other building material dealers"
"444230"," Outdoor power equipment retailers"
"444240"," Nursery, garden center, and farm supply retailers"
"445110"," Supermarkets and other grocery retailers (except convenience retailers)"
"445131"," Convenience retailers"
"445132"," Vending machine operators"
"445230"," Fruit and vegetable retailers"
"445240"," Meat retailers"
"445250"," Fish and seafood retailers"
"445291"," Baked goods retailers"
"445292"," Confectionery and nut retailers"
"445298"," All other specialty food retailers"
"445320"," Beer, wine, and liquor retailers"
"449110"," Furniture retailers"
"449121"," Floor covering retailers"
"449122"," Window treatment retailers"
"449129"," All other home furnishings retailers"
"449210"," Electronics and appliance retailers"
"455110"," Department stores"
"455211"," Warehouse clubs and supercenters"
"455219"," All other general merchandise retailers"
"456110"," Pharmacies and drug retailers"
"456120"," Cosmetics, beauty supplies, and perfume retailers"
"456130"," Optical goods retailers"
"456191"," Food (health) supplement retailers"
"456199"," All other health and personal care retailers"
"457110"," Gasoline stations with convenience stores"
"457120"," Other gasoline stations"
"457210"," Fuel dealers"
"458110"," Clothing and clothing accessories retailers"
"458210"," Shoe retailers"
"458310"," Jewelry retailers"
"458320"," Luggage and leather goods retailers"
"459110"," Sporting goods retailers"
"459120"," Hobby, toy, and game retailers"
"459130"," Sewing, needlework, and piece goods retailers"
"459140"," Musical instrument and supplies retailers"
"459210"," Book retailers and news dealers"
"459310"," Florists"
"459410"," Office supplies and stationery retailers"
"459420"," Gift, novelty, and souvenir retailers"
"459510"," Used merchandise retailers"
"459910"," Pet and pet supplies retailers"
"459920"," Art dealers"
"459930"," Manufactured (mobile) home dealers"
"459991"," Tobacco, electronic cigarette, and other smoking supplies retailers"
"459999"," All other miscellaneous retailers"
"481111"," Scheduled passenger air transportation"
"481112"," Scheduled freight air transportation"
"481211"," Nonscheduled chartered passenger air transportation"
"481212"," Nonscheduled chartered freight air transportation"
"481219"," Other nonscheduled air transportation"
"482112"," Short line railroads"
"483111"," Deep sea freight transportation"
"483112"," Deep sea passenger transportation"
"483113"," Coastal and great lakes freight transportation"
"483211"," Inland water freight transportation"
"483212"," Inland water passenger transportation"
"484110"," General freight trucking, local"
"484121"," General freight trucking, long-distance, truckload"
"484122"," General freight trucking, long-distance, less than truckload"
"484210"," Used household and office goods moving"
"484220"," Specialized freight (except used goods) trucking, local"
"484230"," Specialized freight (except used goods) trucking, long-distance"
"485113"," Bus and other motor vehicle transit systems"
"485119"," Other urban transit systems"
"485210"," Interurban and rural bus transportation"
"485310"," Taxi and ridesharing services"
"485320"," Limousine service"
"485410"," School and employee bus transportation"
"485510"," Charter bus industry"
"485991"," Special needs transportation"
"485999"," All other transit and ground passenger transportation"
"486210"," Pipeline transportation of natural gas"
"486990"," All other pipeline transportation"
"487110"," Scenic and sightseeing transportation, land"
"487210"," Scenic and sightseeing transportation, water"
"487990"," Scenic and sightseeing transportation, other"
"488111"," Air traffic control"
"488119"," Other airport operations"
"488190"," Other support activities for air transportation"
"488210"," Support activities for rail transportation"
"488310"," Port and harbor operations"
"488320"," Marine cargo handling"
"488330"," Navigational services to shipping"
"488390"," Other support activities for water transportation"
"488410"," Motor vehicle towing"
"488490"," Other support activities for road transportation"
"488510"," Freight transportation arrangement"
"488991"," Packing and crating"
"488999"," All other support activities for transportation"
"491110"," Postal service"
"492110"," Couriers and express delivery services"
"492210"," Local messengers and local delivery"
"493110"," General warehousing and storage"
"493120"," Refrigerated warehousing and storage"
"493130"," Farm product warehousing and storage"
"493190"," Other warehousing and storage"
"512110"," Motion picture and video production"
"512120"," Motion picture and video distribution"
"512131"," Motion picture theaters (except drive-ins)"
"512132"," Drive-in motion picture theaters"
"512191"," Teleproduction and other postproduction services"
"512199"," Other motion picture and video industries"
"512230"," Music publishers"
"512240"," Sound recording studios"
"512250"," Record production and distribution"
"512290"," Other sound recording industries"
"513110"," Newspaper publishers"
"513120"," Periodical publishers"
"513130"," Book publishers"
"513140"," Directory and mailing list publishers"
"513191"," Greeting card publishers"
"513199"," All other publishers"
"513210"," Software publishers"
"516110"," Radio broadcasting stations"
"516120"," Television broadcasting stations"
"516210"," Media streaming distribution services, social networks, and other media networks and content providers"
"517111"," Wired telecommunications carriers"
"517112"," Wireless telecommunications carriers (except satellite)"
"517121"," Telecommunications resellers"
"517410"," Satellite telecommunications"
"517810"," All other telecommunications"
"518210"," Computing infrastructure providers, data processing, web hosting, and related services"
"519210"," Libraries and archives"
"519290"," Web search portals and all other information services"
"521110"," Monetary authorities-central bank"
"522110"," Commercial banking"
"522130"," Credit unions"
"522180"," Savings institutions and other depository credit intermediation"
"522210"," Credit card issuing"
"522220"," Sales financing"
"522291"," Consumer lending"
"522292"," Real estate credit"
"522299"," International, secondary market, and all other nondepository credit intermediation"
"522310"," Mortgage and nonmortgage loan brokers"
"522320"," Financial transactions processing, reserve, and clearinghouse activities"
"522390"," Other activities related to credit intermediation"
"523150"," Investment banking and securities intermediation"
"523160"," Commodity contracts intermediation"
"523210"," Securities and commodity exchanges"
"523910"," Miscellaneous intermediation"
"523940"," Portfolio management and investment advice"
"523991"," Trust, fiduciary, and custody activities"
"523999"," Miscellaneous financial investment activities"
"524113"," Direct life insurance carriers"
"524114"," Direct health and medical insurance carriers"
"524126"," Direct property and casualty insurance carriers"
"524127"," Direct title insurance carriers"
"524128"," Other direct insurance (except life, health, and medical) carriers"
"524130"," Reinsurance carriers"
"524210"," Insurance agencies and brokerages"
"524291"," Claims adjusting"
"524292"," Pharmacy benefit management and other third party administration of insurance and pension funds"
"524298"," All other insurance related activities"
"525110"," Pension funds"
"525120"," Health and welfare funds"
"525190"," Other insurance funds"
"525910"," Open-end investment funds"
"525920"," Trusts, estates, and agency accounts"
"525990"," Other financial vehicles"
"531110"," Lessors of residential buildings and dwellings"
"531120"," Lessors of nonresidential buildings (except miniwarehouses)"
"531130"," Lessors of miniwarehouses and self-storage units"
"531190"," Lessors of other real estate property"
"531210"," Offices of real estate agents and brokers"
"531311"," Residential property managers"
"531312"," Nonresidential property managers"
"531320"," Offices of real estate appraisers"
"531390"," Other activities related to real estate"
"532111"," Passenger car rental"
"532112"," Passenger car leasing"
"532120"," Truck, utility trailer, and rv (recreational vehicle) rental and leasing"
"532210"," Consumer electronics and appliances rental"
"532281"," Formal wear and costume rental"
"532282"," Video tape and disc rental"
"532283"," Home health equipment rental"
"532284"," Recreational goods rental"
"532289"," All other consumer goods rental"
"532310"," General rental centers"
"532411"," Commercial air, rail, and water transportation equipment rental and leasing"
"532412"," Construction, mining, and forestry machinery and equipment rental and leasing"
"532420"," Office machinery and equipment rental and leasing"
"532490"," Other commercial and industrial machinery and equipment rental and leasing"
"533110"," Lessors of nonfinancial intangible assets (except copyrighted works)"
"541110"," Offices of lawyers"
"541191"," Title abstract and settlement offices"
"541199"," All other legal services"
"541211"," Offices of certified public accountants"
"541213"," Tax preparation services"
"541214"," Payroll services"
"541219"," Other accounting services"
"541310"," Architectural services"
"541320"," Landscape architectural services"
"541330"," Engineering services"
"541340"," Drafting services"
"541350"," Building inspection services"
"541360"," Geophysical surveying and mapping services"
"541370"," Surveying and mapping (except geophysical) services"
"541380"," Testing laboratories and services"
"541410"," Interior design services"
"541420"," Industrial design services"
"541430"," Graphic design services"
"541490"," Other specialized design services"
"541511"," Custom computer programming services"
"541512"," Computer systems design services"
"541513"," Computer facilities management services"
"541519"," Other computer related services"
"541611"," Administrative management and general management consulting services"
"541612"," Human resources consulting services"
"541613"," Marketing consulting services"
"541614"," Process, physical distribution, and logistics consulting services"
"541618"," Other management consulting services"
"541620"," Environmental consulting services"
"541690"," Other scientific and technical consulting services"
"541713"," Research and development in nanotechnology"
"541714"," Research and development in biotechnology (except nanobiotechnology)"
"541715"," Research and development in the physical, engineering, and life sciences (except nanotechnology and biotechnology)"
"541720"," Research and development in the social sciences and humanities"
"541810"," Advertising agencies"
"541820"," Public relations agencies"
"541830"," Media buying agencies"
"541840"," Media representatives"
"541850"," Indoor and outdoor display advertising"
"541860"," Direct mail advertising"
"541870"," Advertising material distribution services"
"541890"," Other services related to advertising"
"541910"," Marketing research and public opinion polling"
"541921"," Photography studios, portrait"
"541922"," Commercial photography"
"541930"," Translation and interpretation services"
"541940"," Veterinary services"
"541990"," All other professional, scientific, and technical services"
"551111"," Offices of bank holding companies"
"551112"," Offices of other holding companies"
"551114"," Corporate, subsidiary, and regional managing offices"
"561110"," Office administrative services"
"561210"," Facilities support services"
"561311"," Employment placement agencies"
"561312"," Executive search services"
"561320"," Temporary help services"
"561330"," Professional employer organizations"
"561410"," Document preparation services"
"561421"," Telephone answering services"
"561422"," Telemarketing bureaus and other contact centers"
"561431"," Private mail centers"
"561439"," Other business service centers (including copy shops)"
"561440"," Collection agencies"
"561450"," Credit bureaus"
"561491"," Repossession services"
"561492"," Court reporting and stenotype services"
"561499"," All other business support services"
"561510"," Travel agencies"
"561520"," Tour operators"
"561591"," Convention and visitors bureaus"
"561599"," All other travel arrangement and reservation services"
"561611"," Investigation and personal background check services"
"561612"," Security guards and patrol services"
"561613"," Armored car services"
"561621"," Security systems services (except locksmiths)"
"561622"," Locksmiths"
"561710"," Exterminating and pest control services"
"561720"," Janitorial services"
"561730"," Landscaping services"
"561740"," Carpet and upholstery cleaning services"
"561790"," Other services to buildings and dwellings"
"561910"," Packaging and labeling services"
"561920"," Convention and trade show organizers"
"561990"," All other support services"
"562111"," Solid waste collection"
"562112"," Hazardous waste collection"
"562119"," Other waste collection"
"562211"," Hazardous waste treatment and disposal"
"562212"," Solid waste landfill"
"562213"," Solid waste combustors and incinerators"
"562219"," Other nonhazardous waste treatment and disposal"
"562910"," Remediation services"
"562920"," Materials recovery facilities"
"562991"," Septic tank and related services"
"562998"," All other miscellaneous waste management services"
"611110"," Elementary and secondary schools"
"611210"," Junior colleges"
"611310"," Colleges, universities, and professional schools"
"611410"," Business and secretarial schools"
"611420"," Computer training"
"611430"," Professional and management development training"
"611511"," Cosmetology and barber schools"
"611512"," Flight training"
"611513"," Apprenticeship training"
"611519"," Other technical and trade schools"
"611610"," Fine arts schools"
"611620"," Sports and recreation instruction"
"611630"," Language schools"
"611691"," Exam preparation and tutoring"
"611692"," Automobile driving schools"
"611699"," All other miscellaneous schools and instruction"
"611710"," Educational support services"
"621111"," Offices of physicians (except mental health specialists)"
"621112"," Offices of physicians, mental health specialists"
"621210"," Offices of dentists"
"621310"," Offices of chiropractors"
"621320"," Offices of optometrists"
"621330"," Offices of mental health practitioners (except physicians)"
"621340"," Offices of physical, occupational and speech therapists, and audiologists"
"621391"," Offices of podiatrists"
"621399"," Offices of all other miscellaneous health practitioners"
"621410"," Family planning centers"
"621420"," Outpatient mental health and substance abuse centers"
"621491"," Hmo medical centers"
"621492"," Kidney dialysis centers"
"621493"," Freestanding ambulatory surgical and emergency centers"
"621498"," All other outpatient care centers"
"621511"," Medical laboratories"
"621512"," Diagnostic imaging centers"
"621610"," Home health care services"
"621910"," Ambulance services"
"621991"," Blood and organ banks"
"621999"," All other miscellaneous ambulatory health care services"
"622110"," General medical and surgical hospitals"
"622210"," Psychiatric and substance abuse hospitals"
"622310"," Specialty (except psychiatric and substance abuse) hospitals"
"623110"," Nursing care facilities (skilled nursing facilities)"
"623210"," Residential intellectual and developmental disability facilities"
"623220"," Residential mental health and substance abuse facilities"
"623311"," Continuing care retirement communities"
"623312"," Assisted living facilities for the elderly"
"623990"," Other residential care facilities"
"624110"," Child and youth services"
"624120"," Services for the elderly and persons with disabilities"
"624190"," Other individual and family services"
"624210"," Community food services"
"624221"," Temporary shelters"
"624229"," Other community housing services"
"624230"," Emergency and other relief services"
"624310"," Vocational rehabilitation services"
"624410"," Child care services"
"711110"," Theater companies and dinner theaters"
"711120"," Dance companies"
"711130"," Musical groups and artists"
"711190"," Other performing arts companies"
"711211"," Sports teams and clubs"
"711212"," Racetracks"
"711219"," Other spectator sports"
"711310"," Promoters of performing arts, sports, and similar events with facilities"
"711320"," Promoters of performing arts, sports, and similar events without facilities"
"711410"," Agents and managers for artists, athletes, entertainers, and other public figures"
"711510"," Independent artists, writers, and performers"
"712110"," Museums"
"712120"," Historical sites"
"712130"," Zoos and botanical gardens"
"712190"," Nature parks and other similar institutions"
"713110"," Amusement and theme parks"
"713120"," Amusement arcades"
"713290"," Other gambling industries"
"713910"," Golf courses and country clubs"
"713920"," Skiing facilities"
"713930"," Marinas"
"713940"," Fitness and recreational sports centers"
"713950"," Bowling centers"
"713990"," All other amusement and recreation industries"
"721110"," Hotels (except casino hotels) and motels"
"721191"," Bed-and-breakfast inns"
"721199"," All other traveler accommodation"
"721211"," Rv (recreational vehicle) parks and campgrounds"
"721214"," Recreational and vacation camps (except campgrounds)"
"721310"," Rooming and boarding houses, dormitories, and workers' camps"
"722310"," Food service contractors"
"722320"," Caterers"
"722330"," Mobile food services"
"722410"," Drinking places (alcoholic beverages)"
"722511"," Full-service restaurants"
"722513"," Limited-service restaurants"
"722514"," Cafeterias, grill buffets, and buffets"
"722515"," Snack and nonalcoholic beverage bars"
"811111"," General automotive repair"
"811114"," Specialized automotive repair"
"811121"," Automotive body, paint, and interior repair and maintenance"
"811122"," Automotive glass replacement shops"
"811191"," Automotive oil change and lubrication shops"
"811192"," Car washes"
"811198"," All other automotive repair and maintenance"
"811210"," Electronic and precision equipment repair and maintenance"
"811310"," Commercial and industrial machinery and equipment (except automotive and electronic) repair and maintenance"
"811411"," Home and garden equipment repair and maintenance"
"811412"," Appliance repair and maintenance"
"811420"," Reupholstery and furniture repair"
"811430"," Footwear and leather goods repair"
"811490"," Other personal and household goods repair and maintenance"
"812111"," Barber shops"
"812112"," Beauty salons"
"812113"," Nail salons"
"812191"," Diet and weight reducing centers"
"812199"," Other personal care services"
"812210"," Funeral homes and funeral services"
"812220"," Cemeteries and crematories"
"812310"," Coin-operated laundries and drycleaners"
"812320"," Drycleaning and laundry services (except coin-operated)"
"812331"," Linen supply"
"812332"," Industrial launderers"
"812910"," Pet care (except veterinary) services"
"812921"," Photofinishing laboratories (except one-hour)"
"812922"," One-hour photofinishing"
"812930"," Parking lots and garages"
"812990"," All other personal services"
"813110"," Religious organizations"
"813211"," Grantmaking foundations"
"813212"," Voluntary health organizations"
"813219"," Other grantmaking and giving services"
"813311"," Human rights organizations"
"813312"," Environment, conservation and wildlife organizations"
"813319"," Other social advocacy organizations"
"813410"," Civic and social organizations"
"813910"," Business associations"
"813920"," Professional organizations"
"813930"," Labor unions and similar labor organizations"
"813940"," Political organizations"
"813990"," Other similar organizations (except business, professional, labor, and political organizations)"
"814110"," Private households"
"999999"," Unclassified"
